Tipo,Tempo (µs)
Média,86.51473675536181
Mediana,71.14750042092055
Desvio Padrão,49.481800805508286
Mínimo,50.65599998488324
Máximo,890.1380006136606
